{
	"basic": {
		"training_time": 0.691581,
		"encoding_time": 0.61660499999999996,
		"decoding_time": 0.015531,
		"total_time": 1.323717
	},
	"regex": {
		"training_time": 0.85234500000000002,
		"encoding_time": 0.25509900000000002,
		"decoding_time": 0.017167000000000002,
		"total_time": 1.124611
	},
	"overall_total_time":2.4483280000000001
}