{
	"basic": {
		"training_time": 0.575493,
		"encoding_time": 0.452512,
		"decoding_time": 0.001257,
		"total_time": 1.029262
	},
	"regex": {
		"training_time": 0.466239,
		"encoding_time": 0.084472,
		"decoding_time": 0.001443,
		"total_time": 0.552154
	},
	"overall_total_time":1.581416
}